<?xml version="1.0"?>
<doc>
    <assembly>
        <name>WSUSOnlineDescriptions</name>
    </assembly>
    <members>
        <member name="T:WSUSOnlineDescriptions.MainWindow">
            <summary>
            Interaktionslogik für MainWindow.xaml
            </summary>
            <summary>
            MainWindow
            </summary>
        </member>
        <member name="M:WSUSOnlineDescriptions.MainWindow.InitializeComponent">
            <summary>
            InitializeComponent
            </summary>
        </member>
        <member name="T:WSUSOnlineDescriptions.Properties.Resources">
            <summary>
              A strongly-typed resource class, for looking up localized strings, etc.
            </summary>
        </member>
        <member name="P:WSUSOnlineDescriptions.Properties.Resources.ResourceManager">
            <summary>
              Returns the cached ResourceManager instance used by this class.
            </summary>
        </member>
        <member name="P:WSUSOnlineDescriptions.Properties.Resources.Culture">
            <summary>
              Overrides the current thread's CurrentUICulture property for all
              resource lookups using this strongly typed resource class.
            </summary>
        </member>
        <member name="T:WSUSDescriptionHelper.App">
            <summary>
            Interaktionslogik für "App.xaml"
            </summary>
            <summary>
            App
            </summary>
        </member>
        <member name="M:WSUSDescriptionHelper.App.InitializeComponent">
            <summary>
            InitializeComponent
            </summary>
        </member>
        <member name="M:WSUSDescriptionHelper.App.Main">
            <summary>
            Application Entry Point.
            </summary>
        </member>
    </members>
</doc>
