<?xml version="1.0"?>
<doc>
    <assembly>
        <name>WSUSAdminAssistant</name>
    </assembly>
    <members>
        <member name="F:WSUSAdminAssistant.frmIgnoreComputerGroups.components">
            <summary>
            Required designer variable.
            </summary>
        </member>
        <member name="M:WSUSAdminAssistant.frmIgnoreComputerGroups.Dispose(System.Boolean)">
            <summary>
            Clean up any resources being used.
            </summary>
            <param name="disposing">true if managed resources should be disposed; otherwise, false.</param>
        </member>
        <member name="M:WSUSAdminAssistant.frmIgnoreComputerGroups.InitializeComponent">
            <summary>
            Required method for Designer support - do not modify
            the contents of this method with the code editor.
            </summary>
        </member>
        <member name="F:WSUSAdminAssistant.frmGroupUpdateRules.components">
            <summary>
            Required designer variable.
            </summary>
        </member>
        <member name="M:WSUSAdminAssistant.frmGroupUpdateRules.Dispose(System.Boolean)">
            <summary>
            Clean up any resources being used.
            </summary>
            <param name="disposing">true if managed resources should be disposed; otherwise, false.</param>
        </member>
        <member name="M:WSUSAdminAssistant.frmGroupUpdateRules.InitializeComponent">
            <summary>
            Required method for Designer support - do not modify
            the contents of this method with the code editor.
            </summary>
        </member>
        <member name="F:WSUSAdminAssistant.frmCredentials.components">
            <summary>
            Required designer variable.
            </summary>
        </member>
        <member name="M:WSUSAdminAssistant.frmCredentials.Dispose(System.Boolean)">
            <summary>
            Clean up any resources being used.
            </summary>
            <param name="disposing">true if managed resources should be disposed; otherwise, false.</param>
        </member>
        <member name="M:WSUSAdminAssistant.frmCredentials.InitializeComponent">
            <summary>
            Required method for Designer support - do not modify
            the contents of this method with the code editor.
            </summary>
        </member>
        <member name="F:WSUSAdminAssistant.frmComputerGroupRules.components">
            <summary>
            Required designer variable.
            </summary>
        </member>
        <member name="M:WSUSAdminAssistant.frmComputerGroupRules.Dispose(System.Boolean)">
            <summary>
            Clean up any resources being used.
            </summary>
            <param name="disposing">true if managed resources should be disposed; otherwise, false.</param>
        </member>
        <member name="M:WSUSAdminAssistant.frmComputerGroupRules.InitializeComponent">
            <summary>
            Required method for Designer support - do not modify
            the contents of this method with the code editor.
            </summary>
        </member>
        <member name="F:WSUSAdminAssistant.frmDefaultSUS.components">
            <summary>
            Required designer variable.
            </summary>
        </member>
        <member name="M:WSUSAdminAssistant.frmDefaultSUS.Dispose(System.Boolean)">
            <summary>
            Clean up any resources being used.
            </summary>
            <param name="disposing">true if managed resources should be disposed; otherwise, false.</param>
        </member>
        <member name="M:WSUSAdminAssistant.frmDefaultSUS.InitializeComponent">
            <summary>
            Required method for Designer support - do not modify
            the contents of this method with the code editor.
            </summary>
        </member>
        <member name="M:WSUSAdminAssistant.frmMain.PSExecCall(System.Net.IPAddress,System.String,WSUSAdminAssistant.clsConfig.SecurityCredential,System.String)">
            <summary>
            Scheule a simple task with no dependent tasks
            </summary>
        </member>
        <member name="F:WSUSAdminAssistant.frmMain.components">
            <summary>
            Required designer variable.
            </summary>
        </member>
        <member name="M:WSUSAdminAssistant.frmMain.Dispose(System.Boolean)">
            <summary>
            Clean up any resources being used.
            </summary>
            <param name="disposing">true if managed resources should be disposed; otherwise, false.</param>
        </member>
        <member name="M:WSUSAdminAssistant.frmMain.InitializeComponent">
            <summary>
            Required method for Designer support - do not modify
            the contents of this method with the code editor.
            </summary>
        </member>
        <member name="F:WSUSAdminAssistant.frmPreferences.components">
            <summary>
            Required designer variable.
            </summary>
        </member>
        <member name="M:WSUSAdminAssistant.frmPreferences.Dispose(System.Boolean)">
            <summary>
            Clean up any resources being used.
            </summary>
            <param name="disposing">true if managed resources should be disposed; otherwise, false.</param>
        </member>
        <member name="M:WSUSAdminAssistant.frmPreferences.InitializeComponent">
            <summary>
            Required method for Designer support - do not modify
            the contents of this method with the code editor.
            </summary>
        </member>
        <member name="F:WSUSAdminAssistant.frmWSUSConfig.components">
            <summary>
            Required designer variable.
            </summary>
        </member>
        <member name="M:WSUSAdminAssistant.frmWSUSConfig.Dispose(System.Boolean)">
            <summary>
            Clean up any resources being used.
            </summary>
            <param name="disposing">true if managed resources should be disposed; otherwise, false.</param>
        </member>
        <member name="M:WSUSAdminAssistant.frmWSUSConfig.InitializeComponent">
            <summary>
            Required method for Designer support - do not modify
            the contents of this method with the code editor.
            </summary>
        </member>
        <member name="M:WSUSAdminAssistant.Program.Main">
            <summary>
            The main entry point for the application.
            </summary>
        </member>
        <member name="T:WSUSAdminAssistant.Properties.Resources">
            <summary>
              A strongly-typed resource class, for looking up localized strings, etc.
            </summary>
        </member>
        <member name="P:WSUSAdminAssistant.Properties.Resources.ResourceManager">
            <summary>
              Returns the cached ResourceManager instance used by this class.
            </summary>
        </member>
        <member name="P:WSUSAdminAssistant.Properties.Resources.Culture">
            <summary>
              Overrides the current thread's CurrentUICulture property for all
              resource lookups using this strongly typed resource class.
            </summary>
        </member>
        <member name="P:WSUSAdminAssistant.Properties.Resources.BuilderDialog_delete">
            <summary>
              Looks up a localized resource of type System.Drawing.Bitmap.
            </summary>
        </member>
        <member name="P:WSUSAdminAssistant.Properties.Resources.Critical">
            <summary>
              Looks up a localized resource of type System.Drawing.Bitmap.
            </summary>
        </member>
        <member name="P:WSUSAdminAssistant.Properties.Resources.Legend">
            <summary>
              Looks up a localized resource of type System.Drawing.Bitmap.
            </summary>
        </member>
        <member name="P:WSUSAdminAssistant.Properties.Resources.NoAction">
            <summary>
              Looks up a localized resource of type System.Drawing.Bitmap.
            </summary>
        </member>
        <member name="P:WSUSAdminAssistant.Properties.Resources.OK">
            <summary>
              Looks up a localized resource of type System.Drawing.Bitmap.
            </summary>
        </member>
        <member name="P:WSUSAdminAssistant.Properties.Resources.Save">
            <summary>
              Looks up a localized resource of type System.Drawing.Bitmap.
            </summary>
        </member>
        <member name="P:WSUSAdminAssistant.Properties.Resources.SuccessComplete">
            <summary>
              Looks up a localized resource of type System.Drawing.Bitmap.
            </summary>
        </member>
        <member name="P:WSUSAdminAssistant.Properties.Resources.Zoom">
            <summary>
              Looks up a localized resource of type System.Drawing.Bitmap.
            </summary>
        </member>
    </members>
</doc>
