﻿<?xml version="1.0" encoding="utf-8"?>
<?xml-stylesheet type="text/xsl" href="c:\program files\microsoft visual studio\2022\enterprise\team tools\static analysis tools\fxcop\Xml\CodeAnalysisReport.xsl"?>
<FxCopReport Version="17.0">
 <Namespaces>
  <Namespace Name="NvidiaCleaner">
   <Messages>
    <Message Id="Nvidia" TypeName="IdentifiersShouldBeSpelledCorrectly" Category="Microsoft.Naming" CheckId="CA1704" Status="Active" Created="2023-01-14 02:06:58Z" FixCategory="Breaking">
     <Issue Name="Namespace" Certainty="75" Level="CriticalWarning">Correct the spelling of 'Nvidia' in namespace name 'NvidiaCleaner'.</Issue>
    </Message>
   </Messages>
  </Namespace>
 </Namespaces>
 <Targets>
  <Target Name="C:\Users\Administrator.THEFLIGHTSIMS\Documents\GitHub\windowsserver-mgmttools\!bin!\NVIDIA Driver Cleaner\Nvidia Cleaner.exe">
   <Modules>
    <Module Name="nvidia cleaner.exe">
     <Messages>
      <Message TypeName="AssembliesShouldHaveValidStrongNames" Category="Microsoft.Design" CheckId="CA2210" Status="Active" Created="2023-01-14 02:06:58Z" FixCategory="NonBreaking">
       <Issue Name="NoStrongName" Certainty="95" Level="CriticalError">Sign 'Nvidia Cleaner.exe' with a strong name key.</Issue>
      </Message>
      <Message Id="Nvidia" TypeName="IdentifiersShouldBeSpelledCorrectly" Category="Microsoft.Naming" CheckId="CA1704" Status="Active" Created="2023-01-14 02:06:58Z" FixCategory="Breaking">
       <Issue Name="Assembly" Certainty="75" Level="CriticalWarning">Correct the spelling of 'Nvidia' in assembly name 'Nvidia Cleaner.exe'.</Issue>
      </Message>
      <Message TypeName="MarkAssembliesWithClsCompliant" Category="Microsoft.Design" CheckId="CA1014" Status="Active" Created="2023-01-14 02:06:58Z" FixCategory="NonBreaking">
       <Issue Certainty="95" Level="Error">Mark 'Nvidia Cleaner.exe' with CLSCompliant(true) because it exposes externally visible types.</Issue>
      </Message>
     </Messages>
     <Namespaces>
      <Namespace Name="NvidiaCleaner">
       <Types>
        <Type Name="IMainForm" Kind="Interface" Accessibility="Public" ExternallyVisible="True">
         <Members>
          <Member Name="#DeleteExtractedDrivers(System.String)" Kind="Method" Static="False" Accessibility="Public" ExternallyVisible="True">
           <Messages>
            <Message Id="Text" TypeName="IdentifiersShouldBeCasedCorrectly" Category="Microsoft.Naming" CheckId="CA1709" Status="Active" Created="2023-01-14 02:06:58Z" FixCategory="Breaking">
             <Issue Name="MemberParameter" Certainty="85" Level="Error">In member 'IMainForm.DeleteExtractedDrivers(string)', correct the casing of 'Text' in parameter name 'Text' by changing it to 'text'.</Issue>
            </Message>
           </Messages>
          </Member>
         </Members>
        </Type>
        <Type Name="MainForm" Kind="Class" Accessibility="Public" ExternallyVisible="True">
         <Members>
          <Member Name="#DeleteDownloadedDrivers()" Kind="Method" Static="False" Accessibility="Public" ExternallyVisible="True">
           <Messages>
            <Message Id="System.Windows.Forms.Control.set_Text(System.String)" TypeName="Do not pass literals as localized parameters" Category="Microsoft.Globalization" CheckId="CA1303" Status="Active" Created="2023-01-14 02:06:58Z" FixCategory="DependsOnFix">
             <Issue Name="KnownValue" Certainty="75" Level="Warning" Path="C:\Users\Administrator.THEFLIGHTSIMS\Documents\GitHub\windowsserver-mgmttools\nvidia-driver-cleaner" File="MainForm.cs" Line="122">Method 'MainForm.DeleteDownloadedDrivers()' passes a literal string as parameter 'value' of a call to 'Control.Text.set(string)'. Retrieve the following string(s) from a resource table instead: " Deleted! ,  MB cleaned!".</Issue>
             <Issue Name="KnownValue" Certainty="75" Level="Warning" Path="C:\Users\Administrator.THEFLIGHTSIMS\Documents\GitHub\windowsserver-mgmttools\nvidia-driver-cleaner" File="MainForm.cs" Line="104">Method 'MainForm.DeleteDownloadedDrivers()' passes a literal string as parameter 'value' of a call to 'Control.Text.set(string)'. Retrieve the following string(s) from a resource table instead: " Downloaded Drivers ".</Issue>
             <Issue Name="KnownValue" Certainty="75" Level="Warning" Path="C:\Users\Administrator.THEFLIGHTSIMS\Documents\GitHub\windowsserver-mgmttools\nvidia-driver-cleaner" File="MainForm.cs" Line="139">Method 'MainForm.DeleteDownloadedDrivers()' passes a literal string as parameter 'value' of a call to 'Control.Text.set(string)'. Retrieve the following string(s) from a resource table instead: " Downloaded Drivers End ".</Issue>
             <Issue Name="KnownValue" Certainty="75" Level="Warning" Path="C:\Users\Administrator.THEFLIGHTSIMS\Documents\GitHub\windowsserver-mgmttools\nvidia-driver-cleaner" File="MainForm.cs" Line="114">Method 'MainForm.DeleteDownloadedDrivers()' passes a literal string as parameter 'value' of a call to 'Control.Text.set(string)'. Retrieve the following string(s) from a resource table instead: " FOUND! ".</Issue>
             <Issue Name="KnownValue" Certainty="75" Level="Warning" Path="C:\Users\Administrator.THEFLIGHTSIMS\Documents\GitHub\windowsserver-mgmttools\nvidia-driver-cleaner" File="MainForm.cs" Line="127">Method 'MainForm.DeleteDownloadedDrivers()' passes a literal string as parameter 'value' of a call to 'Control.Text.set(string)'. Retrieve the following string(s) from a resource table instead: " is not deleted! , Error: ".</Issue>
             <Issue Name="KnownValue" Certainty="75" Level="Warning" Path="C:\Users\Administrator.THEFLIGHTSIMS\Documents\GitHub\windowsserver-mgmttools\nvidia-driver-cleaner" File="MainForm.cs" Line="135">Method 'MainForm.DeleteDownloadedDrivers()' passes a literal string as parameter 'value' of a call to 'Control.Text.set(string)'. Retrieve the following string(s) from a resource table instead: "ProgramData\\NVIDIA Corporation\\Downloader,  NOT FOUND! PASSING... ".</Issue>
             <Issue Name="KnownValue" Certainty="75" Level="Warning" Path="C:\Users\Administrator.THEFLIGHTSIMS\Documents\GitHub\windowsserver-mgmttools\nvidia-driver-cleaner" File="MainForm.cs" Line="138">Method 'MainForm.DeleteDownloadedDrivers()' passes a literal string as parameter 'value' of a call to 'Control.Text.set(string)'. Retrieve the following string(s) from a resource table instead: "Total ,  MB Deleted in , ProgramData\\NVIDIA Corporation\\Downloader".</Issue>
            </Message>
            <Message TypeName="DoNotCatchGeneralExceptionTypes" Category="Microsoft.Design" CheckId="CA1031" Status="Active" Created="2023-01-14 02:06:58Z" FixCategory="NonBreaking">
             <Issue Certainty="95" Level="CriticalError" Path="C:\Users\Administrator.THEFLIGHTSIMS\Documents\GitHub\windowsserver-mgmttools\nvidia-driver-cleaner" File="MainForm.cs" Line="124">Modify 'MainForm.DeleteDownloadedDrivers()' to catch a more specific exception than 'Exception' or rethrow the exception.</Issue>
            </Message>
            <Message Id="ProgramData" TypeName="Literals should be spelled correctly" Category="Microsoft.Naming" CheckId="CA2204" Status="Active" Created="2023-01-14 02:06:58Z" FixCategory="DependsOnFix">
             <Issue Certainty="75" Level="Warning" Path="C:\Users\Administrator.THEFLIGHTSIMS\Documents\GitHub\windowsserver-mgmttools\nvidia-driver-cleaner" File="MainForm.cs" Line="135">Correct the spelling of the unrecognized token 'ProgramData' in the literal '"ProgramData\\NVIDIA Corporation\\Downloader"'.</Issue>
             <Issue Certainty="75" Level="Warning" Path="C:\Users\Administrator.THEFLIGHTSIMS\Documents\GitHub\windowsserver-mgmttools\nvidia-driver-cleaner" File="MainForm.cs" Line="138">Correct the spelling of the unrecognized token 'ProgramData' in the literal '"ProgramData\\NVIDIA Corporation\\Downloader"'.</Issue>
            </Message>
            <Message Id="System.Double.ToString" TypeName="SpecifyIFormatProvider" Category="Microsoft.Globalization" CheckId="CA1305" Status="Active" Created="2023-01-14 02:06:58Z" FixCategory="NonBreaking">
             <Issue Name="IFormatProviderAlternateString" Certainty="95" Level="Error" Path="C:\Users\Administrator.THEFLIGHTSIMS\Documents\GitHub\windowsserver-mgmttools\nvidia-driver-cleaner" File="MainForm.cs" Line="122">Because the behavior of 'double.ToString()' could vary based on the current user's locale settings, replace this call in 'MainForm.DeleteDownloadedDrivers()' with a call to 'double.ToString(IFormatProvider)'. If the result of 'double.ToString(IFormatProvider)' will be displayed to the user, specify 'CultureInfo.CurrentCulture' as the 'IFormatProvider' parameter. Otherwise, if the result will be stored and accessed by software, such as when it is persisted to disk or to a database, specify 'CultureInfo.InvariantCulture'.</Issue>
             <Issue Name="IFormatProviderAlternateString" Certainty="95" Level="Error" Path="C:\Users\Administrator.THEFLIGHTSIMS\Documents\GitHub\windowsserver-mgmttools\nvidia-driver-cleaner" File="MainForm.cs" Line="138">Because the behavior of 'double.ToString()' could vary based on the current user's locale settings, replace this call in 'MainForm.DeleteDownloadedDrivers()' with a call to 'double.ToString(IFormatProvider)'. If the result of 'double.ToString(IFormatProvider)' will be displayed to the user, specify 'CultureInfo.CurrentCulture' as the 'IFormatProvider' parameter. Otherwise, if the result will be stored and accessed by software, such as when it is persisted to disk or to a database, specify 'CultureInfo.InvariantCulture'.</Issue>
            </Message>
           </Messages>
          </Member>
          <Member Name="#DeleteExtractedDrivers(System.String)" Kind="Method" Static="False" Accessibility="Public" ExternallyVisible="True">
           <Messages>
            <Message TypeName="DoNotCatchGeneralExceptionTypes" Category="Microsoft.Design" CheckId="CA1031" Status="Active" Created="2023-01-14 02:06:58Z" FixCategory="NonBreaking">
             <Issue Certainty="95" Level="CriticalError" Path="C:\Users\Administrator.THEFLIGHTSIMS\Documents\GitHub\windowsserver-mgmttools\nvidia-driver-cleaner" File="MainForm.cs" Line="83">Modify 'MainForm.DeleteExtractedDrivers(string)' to catch a more specific exception than 'Exception' or rethrow the exception.</Issue>
            </Message>
            <Message Id="System.Double.ToString" TypeName="SpecifyIFormatProvider" Category="Microsoft.Globalization" CheckId="CA1305" Status="Active" Created="2023-01-14 02:06:58Z" FixCategory="NonBreaking">
             <Issue Name="IFormatProviderAlternateString" Certainty="95" Level="Error" Path="C:\Users\Administrator.THEFLIGHTSIMS\Documents\GitHub\windowsserver-mgmttools\nvidia-driver-cleaner" File="MainForm.cs" Line="79">Because the behavior of 'double.ToString()' could vary based on the current user's locale settings, replace this call in 'MainForm.DeleteExtractedDrivers(string)' with a call to 'double.ToString(IFormatProvider)'. If the result of 'double.ToString(IFormatProvider)' will be displayed to the user, specify 'CultureInfo.CurrentCulture' as the 'IFormatProvider' parameter. Otherwise, if the result will be stored and accessed by software, such as when it is persisted to disk or to a database, specify 'CultureInfo.InvariantCulture'.</Issue>
             <Issue Name="IFormatProviderAlternateString" Certainty="95" Level="Error" Path="C:\Users\Administrator.THEFLIGHTSIMS\Documents\GitHub\windowsserver-mgmttools\nvidia-driver-cleaner" File="MainForm.cs" Line="95">Because the behavior of 'double.ToString()' could vary based on the current user's locale settings, replace this call in 'MainForm.DeleteExtractedDrivers(string)' with a call to 'double.ToString(IFormatProvider)'. If the result of 'double.ToString(IFormatProvider)' will be displayed to the user, specify 'CultureInfo.CurrentCulture' as the 'IFormatProvider' parameter. Otherwise, if the result will be stored and accessed by software, such as when it is persisted to disk or to a database, specify 'CultureInfo.InvariantCulture'.</Issue>
            </Message>
           </Messages>
          </Member>
          <Member Name="#DeleteLogs()" Kind="Method" Static="False" Accessibility="Public" ExternallyVisible="True">
           <Messages>
            <Message Id="System.Windows.Forms.Control.set_Text(System.String)" TypeName="Do not pass literals as localized parameters" Category="Microsoft.Globalization" CheckId="CA1303" Status="Active" Created="2023-01-14 02:06:58Z" FixCategory="DependsOnFix">
             <Issue Name="KnownValue" Certainty="75" Level="Warning" Path="C:\Users\Administrator.THEFLIGHTSIMS\Documents\GitHub\windowsserver-mgmttools\nvidia-driver-cleaner" File="MainForm.cs" Line="204">Method 'MainForm.DeleteLogs()' passes a literal string as parameter 'value' of a call to 'Control.Text.set(string)'. Retrieve the following string(s) from a resource table instead: " Deleted! ".</Issue>
             <Issue Name="KnownValue" Certainty="75" Level="Warning" Path="C:\Users\Administrator.THEFLIGHTSIMS\Documents\GitHub\windowsserver-mgmttools\nvidia-driver-cleaner" File="MainForm.cs" Line="217">Method 'MainForm.DeleteLogs()' passes a literal string as parameter 'value' of a call to 'Control.Text.set(string)'. Retrieve the following string(s) from a resource table instead: " NOT FOUND! PASSING... ".</Issue>
             <Issue Name="KnownValue" Certainty="75" Level="Warning" Path="C:\Users\Administrator.THEFLIGHTSIMS\Documents\GitHub\windowsserver-mgmttools\nvidia-driver-cleaner" File="MainForm.cs" Line="191">Method 'MainForm.DeleteLogs()' passes a literal string as parameter 'value' of a call to 'Control.Text.set(string)'. Retrieve the following string(s) from a resource table instead: " Unneccessary Logs ,  ".</Issue>
             <Issue Name="KnownValue" Certainty="75" Level="Warning" Path="C:\Users\Administrator.THEFLIGHTSIMS\Documents\GitHub\windowsserver-mgmttools\nvidia-driver-cleaner" File="MainForm.cs" Line="220">Method 'MainForm.DeleteLogs()' passes a literal string as parameter 'value' of a call to 'Control.Text.set(string)'. Retrieve the following string(s) from a resource table instead: " Unneccessary Logs ,  End ".</Issue>
             <Issue Name="KnownValue" Certainty="75" Level="Warning" Path="C:\Users\Administrator.THEFLIGHTSIMS\Documents\GitHub\windowsserver-mgmttools\nvidia-driver-cleaner" File="MainForm.cs" Line="210">Method 'MainForm.DeleteLogs()' passes a literal string as parameter 'value' of a call to 'Control.Text.set(string)'. Retrieve the following string(s) from a resource table instead: " is not deleted! , Error: ".</Issue>
             <Issue Name="KnownValue" Certainty="75" Level="Warning" Path="C:\Users\Administrator.THEFLIGHTSIMS\Documents\GitHub\windowsserver-mgmttools\nvidia-driver-cleaner" File="MainForm.cs" Line="219">Method 'MainForm.DeleteLogs()' passes a literal string as parameter 'value' of a call to 'Control.Text.set(string)'. Retrieve the following string(s) from a resource table instead: "Total ,  MB Deleted in ".</Issue>
            </Message>
            <Message TypeName="DoNotCatchGeneralExceptionTypes" Category="Microsoft.Design" CheckId="CA1031" Status="Active" Created="2023-01-14 02:06:58Z" FixCategory="NonBreaking">
             <Issue Certainty="95" Level="CriticalError" Path="C:\Users\Administrator.THEFLIGHTSIMS\Documents\GitHub\windowsserver-mgmttools\nvidia-driver-cleaner" File="MainForm.cs" Line="207">Modify 'MainForm.DeleteLogs()' to catch a more specific exception than 'Exception' or rethrow the exception.</Issue>
            </Message>
            <Message Id="Unneccessary" TypeName="Literals should be spelled correctly" Category="Microsoft.Naming" CheckId="CA2204" Status="Active" Created="2023-01-14 02:06:58Z" FixCategory="DependsOnFix">
             <Issue Certainty="75" Level="Warning" Path="C:\Users\Administrator.THEFLIGHTSIMS\Documents\GitHub\windowsserver-mgmttools\nvidia-driver-cleaner" File="MainForm.cs" Line="191">Correct the spelling of the unrecognized token 'Unneccessary' in the literal '" Unneccessary Logs "'.</Issue>
             <Issue Certainty="75" Level="Warning" Path="C:\Users\Administrator.THEFLIGHTSIMS\Documents\GitHub\windowsserver-mgmttools\nvidia-driver-cleaner" File="MainForm.cs" Line="220">Correct the spelling of the unrecognized token 'Unneccessary' in the literal '" Unneccessary Logs "'.</Issue>
            </Message>
            <Message Id="System.Double.ToString" TypeName="SpecifyIFormatProvider" Category="Microsoft.Globalization" CheckId="CA1305" Status="Active" Created="2023-01-14 02:06:58Z" FixCategory="NonBreaking">
             <Issue Name="IFormatProviderAlternateString" Certainty="95" Level="Error" Path="C:\Users\Administrator.THEFLIGHTSIMS\Documents\GitHub\windowsserver-mgmttools\nvidia-driver-cleaner" File="MainForm.cs" Line="219">Because the behavior of 'double.ToString()' could vary based on the current user's locale settings, replace this call in 'MainForm.DeleteLogs()' with a call to 'double.ToString(IFormatProvider)'. If the result of 'double.ToString(IFormatProvider)' will be displayed to the user, specify 'CultureInfo.CurrentCulture' as the 'IFormatProvider' parameter. Otherwise, if the result will be stored and accessed by software, such as when it is persisted to disk or to a database, specify 'CultureInfo.InvariantCulture'.</Issue>
            </Message>
            <Message Id="System.Int32.ToString" TypeName="SpecifyIFormatProvider" Category="Microsoft.Globalization" CheckId="CA1305" Status="Active" Created="2023-01-14 02:06:58Z" FixCategory="NonBreaking">
             <Issue Name="IFormatProviderAlternateString" Certainty="95" Level="Error" Path="C:\Users\Administrator.THEFLIGHTSIMS\Documents\GitHub\windowsserver-mgmttools\nvidia-driver-cleaner" File="MainForm.cs" Line="191">Because the behavior of 'int.ToString()' could vary based on the current user's locale settings, replace this call in 'MainForm.DeleteLogs()' with a call to 'int.ToString(IFormatProvider)'. If the result of 'int.ToString(IFormatProvider)' will be displayed to the user, specify 'CultureInfo.CurrentCulture' as the 'IFormatProvider' parameter. Otherwise, if the result will be stored and accessed by software, such as when it is persisted to disk or to a database, specify 'CultureInfo.InvariantCulture'.</Issue>
             <Issue Name="IFormatProviderAlternateString" Certainty="95" Level="Error" Path="C:\Users\Administrator.THEFLIGHTSIMS\Documents\GitHub\windowsserver-mgmttools\nvidia-driver-cleaner" File="MainForm.cs" Line="220">Because the behavior of 'int.ToString()' could vary based on the current user's locale settings, replace this call in 'MainForm.DeleteLogs()' with a call to 'int.ToString(IFormatProvider)'. If the result of 'int.ToString(IFormatProvider)' will be displayed to the user, specify 'CultureInfo.CurrentCulture' as the 'IFormatProvider' parameter. Otherwise, if the result will be stored and accessed by software, such as when it is persisted to disk or to a database, specify 'CultureInfo.InvariantCulture'.</Issue>
            </Message>
            <Message Id="System.String.EndsWith(System.String)" TypeName="SpecifyStringComparison" Category="Microsoft.Globalization" CheckId="CA1307" Status="Active" Created="2023-01-14 02:06:58Z" FixCategory="NonBreaking">
             <Issue Certainty="95" Level="Error" Path="C:\Users\Administrator.THEFLIGHTSIMS\Documents\GitHub\windowsserver-mgmttools\nvidia-driver-cleaner" File="MainForm.cs" Line="201">Because the behavior of 'string.EndsWith(string)' could vary based on the current user's locale settings, replace this call in 'MainForm.DeleteLogs()' with a call to 'string.EndsWith(string, StringComparison)'. If the result of 'string.EndsWith(string, StringComparison)' will be displayed to the user, such as when sorting a list of items for display in a list box, specify 'StringComparison.CurrentCulture' or 'StringComparison.CurrentCultureIgnoreCase' as the 'StringComparison' parameter. If comparing case-insensitive identifiers, such as file paths, environment variables, or registry keys and values, specify 'StringComparison.OrdinalIgnoreCase'. Otherwise, if comparing case-sensitive identifiers, specify 'StringComparison.Ordinal'.</Issue>
            </Message>
           </Messages>
          </Member>
          <Member Name="#DeleteRepository()" Kind="Method" Static="False" Accessibility="Public" ExternallyVisible="True">
           <Messages>
            <Message Id="System.Windows.Forms.Control.set_Text(System.String)" TypeName="Do not pass literals as localized parameters" Category="Microsoft.Globalization" CheckId="CA1303" Status="Active" Created="2023-01-14 02:06:58Z" FixCategory="DependsOnFix">
             <Issue Name="KnownValue" Certainty="75" Level="Warning" Path="C:\Users\Administrator.THEFLIGHTSIMS\Documents\GitHub\windowsserver-mgmttools\nvidia-driver-cleaner" File="MainForm.cs" Line="164">Method 'MainForm.DeleteRepository()' passes a literal string as parameter 'value' of a call to 'Control.Text.set(string)'. Retrieve the following string(s) from a resource table instead: " Deleted! ,  MB cleaned!".</Issue>
             <Issue Name="KnownValue" Certainty="75" Level="Warning" Path="C:\Users\Administrator.THEFLIGHTSIMS\Documents\GitHub\windowsserver-mgmttools\nvidia-driver-cleaner" File="MainForm.cs" Line="156">Method 'MainForm.DeleteRepository()' passes a literal string as parameter 'value' of a call to 'Control.Text.set(string)'. Retrieve the following string(s) from a resource table instead: " FOUND! ".</Issue>
             <Issue Name="KnownValue" Certainty="75" Level="Warning" Path="C:\Users\Administrator.THEFLIGHTSIMS\Documents\GitHub\windowsserver-mgmttools\nvidia-driver-cleaner" File="MainForm.cs" Line="150">Method 'MainForm.DeleteRepository()' passes a literal string as parameter 'value' of a call to 'Control.Text.set(string)'. Retrieve the following string(s) from a resource table instead: " Repository ".</Issue>
             <Issue Name="KnownValue" Certainty="75" Level="Warning" Path="C:\Users\Administrator.THEFLIGHTSIMS\Documents\GitHub\windowsserver-mgmttools\nvidia-driver-cleaner" File="MainForm.cs" Line="169">Method 'MainForm.DeleteRepository()' passes a literal string as parameter 'value' of a call to 'Control.Text.set(string)'. Retrieve the following string(s) from a resource table instead: " is not deleted! , Error: ".</Issue>
             <Issue Name="KnownValue" Certainty="75" Level="Warning" Path="C:\Users\Administrator.THEFLIGHTSIMS\Documents\GitHub\windowsserver-mgmttools\nvidia-driver-cleaner" File="MainForm.cs" Line="180">Method 'MainForm.DeleteRepository()' passes a literal string as parameter 'value' of a call to 'Control.Text.set(string)'. Retrieve the following string(s) from a resource table instead: "-----Repository End-----".</Issue>
             <Issue Name="KnownValue" Certainty="75" Level="Warning" Path="C:\Users\Administrator.THEFLIGHTSIMS\Documents\GitHub\windowsserver-mgmttools\nvidia-driver-cleaner" File="MainForm.cs" Line="176">Method 'MainForm.DeleteRepository()' passes a literal string as parameter 'value' of a call to 'Control.Text.set(string)'. Retrieve the following string(s) from a resource table instead: "Program Files\\NVIDIA Corporation\\Installer2,  NOT FOUND! PASSING... ".</Issue>
             <Issue Name="KnownValue" Certainty="75" Level="Warning" Path="C:\Users\Administrator.THEFLIGHTSIMS\Documents\GitHub\windowsserver-mgmttools\nvidia-driver-cleaner" File="MainForm.cs" Line="179">Method 'MainForm.DeleteRepository()' passes a literal string as parameter 'value' of a call to 'Control.Text.set(string)'. Retrieve the following string(s) from a resource table instead: "Total ,  MB Deleted in , Program Files\\NVIDIA Corporation\\Installer2".</Issue>
            </Message>
            <Message TypeName="DoNotCatchGeneralExceptionTypes" Category="Microsoft.Design" CheckId="CA1031" Status="Active" Created="2023-01-14 02:06:58Z" FixCategory="NonBreaking">
             <Issue Certainty="95" Level="CriticalError" Path="C:\Users\Administrator.THEFLIGHTSIMS\Documents\GitHub\windowsserver-mgmttools\nvidia-driver-cleaner" File="MainForm.cs" Line="166">Modify 'MainForm.DeleteRepository()' to catch a more specific exception than 'Exception' or rethrow the exception.</Issue>
            </Message>
            <Message Id="System.Double.ToString" TypeName="SpecifyIFormatProvider" Category="Microsoft.Globalization" CheckId="CA1305" Status="Active" Created="2023-01-14 02:06:58Z" FixCategory="NonBreaking">
             <Issue Name="IFormatProviderAlternateString" Certainty="95" Level="Error" Path="C:\Users\Administrator.THEFLIGHTSIMS\Documents\GitHub\windowsserver-mgmttools\nvidia-driver-cleaner" File="MainForm.cs" Line="164">Because the behavior of 'double.ToString()' could vary based on the current user's locale settings, replace this call in 'MainForm.DeleteRepository()' with a call to 'double.ToString(IFormatProvider)'. If the result of 'double.ToString(IFormatProvider)' will be displayed to the user, specify 'CultureInfo.CurrentCulture' as the 'IFormatProvider' parameter. Otherwise, if the result will be stored and accessed by software, such as when it is persisted to disk or to a database, specify 'CultureInfo.InvariantCulture'.</Issue>
             <Issue Name="IFormatProviderAlternateString" Certainty="95" Level="Error" Path="C:\Users\Administrator.THEFLIGHTSIMS\Documents\GitHub\windowsserver-mgmttools\nvidia-driver-cleaner" File="MainForm.cs" Line="179">Because the behavior of 'double.ToString()' could vary based on the current user's locale settings, replace this call in 'MainForm.DeleteRepository()' with a call to 'double.ToString(IFormatProvider)'. If the result of 'double.ToString(IFormatProvider)' will be displayed to the user, specify 'CultureInfo.CurrentCulture' as the 'IFormatProvider' parameter. Otherwise, if the result will be stored and accessed by software, such as when it is persisted to disk or to a database, specify 'CultureInfo.InvariantCulture'.</Issue>
            </Message>
           </Messages>
          </Member>
          <Member Name="#FreeUpSpaceButton_Click(System.Object,System.EventArgs)" Kind="Method" Static="False" Accessibility="Private" ExternallyVisible="False">
           <Messages>
            <Message Id="System.Windows.Forms.MessageBox.Show(System.String,System.String)" TypeName="Do not pass literals as localized parameters" Category="Microsoft.Globalization" CheckId="CA1303" Status="Active" Created="2023-01-14 02:06:58Z" FixCategory="DependsOnFix">
             <Issue Name="KnownValue" Certainty="75" Level="Warning" Path="C:\Users\Administrator.THEFLIGHTSIMS\Documents\GitHub\windowsserver-mgmttools\nvidia-driver-cleaner" File="MainForm.cs" Line="269">Method 'MainForm.FreeUpSpaceButton_Click(object, EventArgs)' passes a literal string as parameter 'caption' of a call to 'MessageBox.Show(string, string)'. Retrieve the following string(s) from a resource table instead: "Completed".</Issue>
             <Issue Name="KnownValue" Certainty="75" Level="Warning" Path="C:\Users\Administrator.THEFLIGHTSIMS\Documents\GitHub\windowsserver-mgmttools\nvidia-driver-cleaner" File="MainForm.cs" Line="269">Method 'MainForm.FreeUpSpaceButton_Click(object, EventArgs)' passes a literal string as parameter 'text' of a call to 'MessageBox.Show(string, string)'. Retrieve the following string(s) from a resource table instead: "Cleaned ,  MiB".</Issue>
            </Message>
            <Message TypeName="DoNotCatchGeneralExceptionTypes" Category="Microsoft.Design" CheckId="CA1031" Status="Active" Created="2023-01-14 02:06:58Z" FixCategory="NonBreaking">
             <Issue Certainty="95" Level="CriticalError" Path="C:\Users\Administrator.THEFLIGHTSIMS\Documents\GitHub\windowsserver-mgmttools\nvidia-driver-cleaner" File="MainForm.cs" Line="271">Modify 'MainForm.FreeUpSpaceButton_Click(object, EventArgs)' to catch a more specific exception than 'Exception' or rethrow the exception.</Issue>
            </Message>
            <Message Id="MiB" TypeName="Literals should be spelled correctly" Category="Microsoft.Naming" CheckId="CA2204" Status="Active" Created="2023-01-14 02:06:58Z" FixCategory="DependsOnFix">
             <Issue Certainty="75" Level="Warning" Path="C:\Users\Administrator.THEFLIGHTSIMS\Documents\GitHub\windowsserver-mgmttools\nvidia-driver-cleaner" File="MainForm.cs" Line="269">Correct the spelling of the unrecognized token 'MiB' in the literal '" MiB"'.</Issue>
            </Message>
            <Message Id="System.Double.ToString" TypeName="SpecifyIFormatProvider" Category="Microsoft.Globalization" CheckId="CA1305" Status="Active" Created="2023-01-14 02:06:58Z" FixCategory="NonBreaking">
             <Issue Name="IFormatProviderAlternateString" Certainty="95" Level="Error" Path="C:\Users\Administrator.THEFLIGHTSIMS\Documents\GitHub\windowsserver-mgmttools\nvidia-driver-cleaner" File="MainForm.cs" Line="269">Because the behavior of 'double.ToString()' could vary based on the current user's locale settings, replace this call in 'MainForm.FreeUpSpaceButton_Click(object, EventArgs)' with a call to 'double.ToString(IFormatProvider)'. If the result of 'double.ToString(IFormatProvider)' will be displayed to the user, specify 'CultureInfo.CurrentCulture' as the 'IFormatProvider' parameter. Otherwise, if the result will be stored and accessed by software, such as when it is persisted to disk or to a database, specify 'CultureInfo.InvariantCulture'.</Issue>
            </Message>
            <Message TypeName="SpecifyMessageBoxOptions" Category="Microsoft.Globalization" CheckId="CA1300" Status="Active" Created="2023-01-14 02:06:58Z" FixCategory="NonBreaking">
             <Issue Certainty="95" Level="Error" Path="C:\Users\Administrator.THEFLIGHTSIMS\Documents\GitHub\windowsserver-mgmttools\nvidia-driver-cleaner" File="MainForm.cs" Line="269">Change 'MainForm.FreeUpSpaceButton_Click(object, EventArgs)' to call the MessageBox.Show overload that specifies MessageBoxOptions, and make sure to set MessageBoxOptions.RightAlign and MessageBoxOptions.RtlReading if RightToLeft is set to RightToLeft.Yes on the parent control.</Issue>
            </Message>
           </Messages>
          </Member>
          <Member Name="#GenerateLog()" Kind="Method" Static="False" Accessibility="Public" ExternallyVisible="True">
           <Messages>
            <Message Id="System.Windows.Forms.MessageBox.Show(System.String)" TypeName="Do not pass literals as localized parameters" Category="Microsoft.Globalization" CheckId="CA1303" Status="Active" Created="2023-01-14 02:06:58Z" FixCategory="DependsOnFix">
             <Issue Name="KnownValue" Certainty="75" Level="Warning" Path="C:\Users\Administrator.THEFLIGHTSIMS\Documents\GitHub\windowsserver-mgmttools\nvidia-driver-cleaner" File="MainForm.cs" Line="244">Method 'MainForm.GenerateLog()' passes a literal string as parameter 'text' of a call to 'MessageBox.Show(string)'. Retrieve the following string(s) from a resource table instead: " Error while creating log.".</Issue>
            </Message>
            <Message TypeName="DoNotCatchGeneralExceptionTypes" Category="Microsoft.Design" CheckId="CA1031" Status="Active" Created="2023-01-14 02:06:58Z" FixCategory="NonBreaking">
             <Issue Certainty="95" Level="CriticalError" Path="C:\Users\Administrator.THEFLIGHTSIMS\Documents\GitHub\windowsserver-mgmttools\nvidia-driver-cleaner" File="MainForm.cs" Line="242">Modify 'MainForm.GenerateLog()' to catch a more specific exception than 'object' or rethrow the exception.</Issue>
            </Message>
            <Message TypeName="SpecifyMessageBoxOptions" Category="Microsoft.Globalization" CheckId="CA1300" Status="Active" Created="2023-01-14 02:06:58Z" FixCategory="NonBreaking">
             <Issue Certainty="95" Level="Error" Path="C:\Users\Administrator.THEFLIGHTSIMS\Documents\GitHub\windowsserver-mgmttools\nvidia-driver-cleaner" File="MainForm.cs" Line="244">Change 'MainForm.GenerateLog()' to call the MessageBox.Show overload that specifies MessageBoxOptions, and make sure to set MessageBoxOptions.RightAlign and MessageBoxOptions.RtlReading if RightToLeft is set to RightToLeft.Yes on the parent control.</Issue>
            </Message>
           </Messages>
          </Member>
          <Member Name="#tabSettings" Kind="Field" Static="False" Accessibility="Public" ExternallyVisible="True">
           <Messages>
            <Message TypeName="DoNotDeclareVisibleInstanceFields" Category="Microsoft.Design" CheckId="CA1051" Status="Active" Created="2023-01-14 02:06:58Z" FixCategory="Breaking">
             <Issue Certainty="90" Level="Error">Because field 'MainForm.tabSettings' is visible outside of its declaring type, change its accessibility to private and add a property, with the same accessibility as the field has currently, to provide access to it.</Issue>
            </Message>
           </Messages>
          </Member>
         </Members>
        </Type>
       </Types>
      </Namespace>
      <Namespace Name="NvidiaCleaner.Lib">
       <Types>
        <Type Name="NVC" Kind="Class" Accessibility="Assembly" ExternallyVisible="False">
         <Messages>
          <Message TypeName="AvoidUninstantiatedInternalClasses" Category="Microsoft.Performance" CheckId="CA1812" Status="Active" Created="2023-01-14 02:06:58Z" FixCategory="NonBreaking">
           <Issue Certainty="75" Level="Warning">'NVC' is an internal class that is apparently never instantiated. If so, remove the code from the assembly. If this class is intended to contain only static methods, consider adding a private constructor to prevent the compiler from generating a default constructor.</Issue>
          </Message>
         </Messages>
        </Type>
       </Types>
      </Namespace>
     </Namespaces>
    </Module>
   </Modules>
  </Target>
 </Targets>
 <Rules>
  <Rule TypeName="AssembliesShouldHaveValidStrongNames" Category="Microsoft.Design" CheckId="CA2210">
   <Name>Assemblies should have valid strong names</Name>
   <Description>Either the assembly has no strong name, an invalid one, or the strong name is valid only because of the computer configuration. The assembly should not be deployed in this state. The most common causes of this are: 1) The assembly's contents were modified after it was signed. 2) The signing process failed. 3) The assembly was delay-signed. 4) A registry key existed that allowed the check to pass (where it would not have otherwise).</Description>
   <Resolution Name="NoStrongName">Sign {0} with a strong name key.</Resolution>
   <Owner />
   <Url>http://msdn.microsoft.com/library/ms182127.aspx</Url>
   <Email>[none]</Email>
   <MessageLevel Certainty="95">CriticalError</MessageLevel>
   <File Name="designrules.dll" Version="17.0.0.0" />
  </Rule>
  <Rule TypeName="AvoidUninstantiatedInternalClasses" Category="Microsoft.Performance" CheckId="CA1812">
   <Name>Avoid uninstantiated internal classes</Name>
   <Description>An internal class was detected that is apparently never instantiated. This rule does not attempt to detect late-bound creation and will generate false positives if instances of a type are only created in this way (for example, by means of Activator.CreateInstance or by passing the type as an argument to a TypeConverter constructor).</Description>
   <Resolution Name="Default">{0} is an internal class that is apparently never instantiated. If so, remove the code from the assembly. If this class is intended to contain only static methods, consider adding a private constructor to prevent the compiler from generating a default constructor.</Resolution>
   <Owner />
   <Url>http://msdn.microsoft.com/library/ms182265.aspx</Url>
   <Email>[none]</Email>
   <MessageLevel Certainty="75">Warning</MessageLevel>
   <File Name="performancerules.dll" Version="17.0.0.0" />
  </Rule>
  <Rule TypeName="Do not pass literals as localized parameters" Category="Microsoft.Globalization" CheckId="CA1303">
   <Name>Do not pass literals as localized parameters</Name>
   <Description>Literal strings that are embedded in source code are difficult to localize. Avoid passing literal strings as arguments in circumstances where a localized string is generally expected.</Description>
   <Resolution Name="KnownValue">Method {0} passes a literal string as parameter '{1}' of a call to {2}. Retrieve the following string(s) from a resource table instead: {3}.</Resolution>
   <Owner>RuleOwner</Owner>
   <Url>http://msdn.microsoft.com/library/ms182187.aspx</Url>
   <Email />
   <MessageLevel Certainty="75">Warning</MessageLevel>
   <File Name="dataflowrules.dll" Version="17.0.0.0" />
  </Rule>
  <Rule TypeName="DoNotCatchGeneralExceptionTypes" Category="Microsoft.Design" CheckId="CA1031">
   <Name>Do not catch general exception types</Name>
   <Description>You should not catch Exception or SystemException. Catching generic exception types can hide run-time problems from the library user, and can complicate debugging. You should catch only those exceptions that you can handle gracefully.</Description>
   <Resolution Name="Default">Modify {0} to catch a more specific exception than {1} or rethrow the exception.</Resolution>
   <Owner />
   <Url>http://msdn.microsoft.com/library/ms182137.aspx</Url>
   <Email>[none]</Email>
   <MessageLevel Certainty="95">CriticalError</MessageLevel>
   <File Name="designrules.dll" Version="17.0.0.0" />
  </Rule>
  <Rule TypeName="DoNotDeclareVisibleInstanceFields" Category="Microsoft.Design" CheckId="CA1051">
   <Name>Do not declare visible instance fields</Name>
   <Description>Instance fields that are visible outside of the type that declares them, limit your ability to change the implementation details for those data items. Use properties instead. They do not compromise usability or performance and they do provide flexibility in that they conceal the implementation details of the underlying data.</Description>
   <Resolution Name="Default">Because field {0} is visible outside of its declaring type, change its accessibility to private and add a property, with the same accessibility as the field has currently, to provide access to it.</Resolution>
   <Owner />
   <Url>http://msdn.microsoft.com/library/ms182141.aspx</Url>
   <Email>[none]</Email>
   <MessageLevel Certainty="90">Error</MessageLevel>
   <File Name="designrules.dll" Version="17.0.0.0" />
  </Rule>
  <Rule TypeName="IdentifiersShouldBeCasedCorrectly" Category="Microsoft.Naming" CheckId="CA1709">
   <Name>Identifiers should be cased correctly</Name>
   <Description>Type, namespace, and member identifiers are Pascal-cased. Parameter identifiers are camel-cased. Two letter acronyms within these identifiers should be upper-cased, for example, use System.IO instead of System.Io. Acronyms of three or more letters should be Pascal-cased, for example, use System.Xml instead of System.XML. The pascal-casing convention capitalizes the first letter of each word, as in BackColor. The camel-casing convention formats the first letter of the first word in lowercase and capitalizes the first letter of all subsequent words, as in backgroundColor. Although it may be common practice for some two letter acronyms to not be fully capitalized, violations of this rule should not be excluded for this reason. For example, 'DbConnection', is common but incorrect; use DBConnection. A violation of this rule might be required for compatibility with existing, non-managed symbol schemes. In general, however, these symbols should not be visible outside the assembly that uses them.</Description>
   <Resolution Name="MemberParameter">In member {0}, correct the casing of '{1}' in parameter name {2} by changing it to '{3}'.</Resolution>
   <Owner />
   <Url>http://msdn.microsoft.com/library/ms182240.aspx</Url>
   <Email>[none]</Email>
   <MessageLevel Certainty="85">Error</MessageLevel>
   <File Name="namingrules.dll" Version="17.0.0.0" />
  </Rule>
  <Rule TypeName="IdentifiersShouldBeSpelledCorrectly" Category="Microsoft.Naming" CheckId="CA1704">
   <Name>Identifiers should be spelled correctly</Name>
   <Description>The individual words that make up an identifier should not be abbreviated and should be spelled correctly. If this rule generates a false positive on a term that should be recognized, add the word to the FxCop custom dictionary.</Description>
   <Resolution Name="Assembly">Correct the spelling of '{0}' in assembly name {1}.</Resolution>
   <Resolution Name="Namespace">Correct the spelling of '{0}' in namespace name '{1}'.</Resolution>
   <Owner />
   <Url>http://msdn.microsoft.com/library/bb264492.aspx</Url>
   <Email>[none]</Email>
   <MessageLevel Certainty="75">CriticalWarning</MessageLevel>
   <File Name="namingrules.dll" Version="17.0.0.0" />
  </Rule>
  <Rule TypeName="Literals should be spelled correctly" Category="Microsoft.Naming" CheckId="CA2204">
   <Name>Literals should be spelled correctly</Name>
   <Description>This rule parses the literal string into words, tokenizing compound words, and checks the spelling of each word/token.</Description>
   <Resolution Name="Default">Correct the spelling of the unrecognized token '{0}' in the literal '{1}'.</Resolution>
   <Owner>RuleOwner</Owner>
   <Url>http://msdn.microsoft.com/library/bb264488.aspx</Url>
   <Email />
   <MessageLevel Certainty="75">Warning</MessageLevel>
   <File Name="dataflowrules.dll" Version="17.0.0.0" />
  </Rule>
  <Rule TypeName="MarkAssembliesWithClsCompliant" Category="Microsoft.Design" CheckId="CA1014">
   <Name>Mark assemblies with CLSCompliantAttribute</Name>
   <Description>Assemblies should explicitly state their CLS compliance using the CLSCompliant attribute. An assembly without this attribute is not CLS-compliant. Assemblies, modules, and types can be CLS-compliant even if some parts of the assembly, module, or type are not CLS-compliant. The following rules apply: 1) If the element is marked CLSCompliant, any noncompliant members must have the CLSCompliant attribute present with its argument set to false. 2) A comparable CLS-compliant alternative member must be supplied for each member that is not CLS-compliant.</Description>
   <Resolution Name="Default">Mark {0} with CLSCompliant(true) because it exposes externally visible types.</Resolution>
   <Owner />
   <Url>http://msdn.microsoft.com/library/ms182156.aspx</Url>
   <Email>[none]</Email>
   <MessageLevel Certainty="95">Error</MessageLevel>
   <File Name="designrules.dll" Version="17.0.0.0" />
  </Rule>
  <Rule TypeName="SpecifyIFormatProvider" Category="Microsoft.Globalization" CheckId="CA1305">
   <Name>Specify IFormatProvider</Name>
   <Description>If an overload exists that takes an IFormatProvider argument, it should always be called in favor of an overload that does not. Some methods in the runtime convert a value to or from a string representation and take a string parameter that contains one or more characters, called format specifiers, which indicate how the value is to be converted. If the meaning of the format specifier varies by culture, a formatting object supplies the actual characters used in the string representation. In scenarios where sorting and comparison behavior should never change between cultures, specify CultureInfo.InvariantCulture, otherwise, specify CultureInfo.CurrentCulture.</Description>
   <Resolution Name="IFormatProviderAlternateString">Because the behavior of {0} could vary based on the current user's locale settings, replace this call in {1} with a call to {2}. If the result of {2} will be displayed to the user, specify {3} as the 'IFormatProvider' parameter. Otherwise, if the result will be stored and accessed by software, such as when it is persisted to disk or to a database, specify {4}.</Resolution>
   <Owner />
   <Url>http://msdn.microsoft.com/library/ms182190.aspx</Url>
   <Email>[none]</Email>
   <MessageLevel Certainty="95">Error</MessageLevel>
   <File Name="globalizationrules.dll" Version="17.0.0.0" />
  </Rule>
  <Rule TypeName="SpecifyMessageBoxOptions" Category="Microsoft.Globalization" CheckId="CA1300">
   <Name>Specify MessageBoxOptions</Name>
   <Description>In order to run correctly on right-to-left systems, all calls to MessageBox.Show should use the overload that specifies MessageBoxOptions as an argument. Programs should detect whether they are running on a right-to-left system at run-time and pass the appropriate MessageBoxOptions value in order to display correctly.</Description>
   <Resolution Name="Default">Change {0} to call the MessageBox.Show overload that specifies MessageBoxOptions, and make sure to set MessageBoxOptions.RightAlign and MessageBoxOptions.RtlReading if RightToLeft is set to RightToLeft.Yes on the parent control.</Resolution>
   <Owner />
   <Url>http://msdn.microsoft.com/library/ms182191.aspx</Url>
   <Email>[none]</Email>
   <MessageLevel Certainty="95">Error</MessageLevel>
   <File Name="globalizationrules.dll" Version="17.0.0.0" />
  </Rule>
  <Rule TypeName="SpecifyStringComparison" Category="Microsoft.Globalization" CheckId="CA1307">
   <Name>Specify StringComparison</Name>
   <Description>If an overload exists that takes a StringComparison argument, it should always be called in favor of an overload that does not.</Description>
   <Resolution Name="Default">Because the behavior of {0} could vary based on the current user's locale settings, replace this call in {1} with a call to {2}. If the result of {2} will be displayed to the user, such as when sorting a list of items for display in a list box, specify 'StringComparison.CurrentCulture' or 'StringComparison.CurrentCultureIgnoreCase' as the 'StringComparison' parameter. If comparing case-insensitive identifiers, such as file paths, environment variables, or registry keys and values, specify 'StringComparison.OrdinalIgnoreCase'. Otherwise, if comparing case-sensitive identifiers, specify 'StringComparison.Ordinal'.</Resolution>
   <Owner />
   <Url>http://msdn.microsoft.com/library/bb386080.aspx</Url>
   <Email>[none]</Email>
   <MessageLevel Certainty="95">Error</MessageLevel>
   <File Name="globalizationrules.dll" Version="17.0.0.0" />
  </Rule>
 </Rules>
 <Localized>
  <String Key="Category">Category</String>
  <String Key="Certainty">Certainty</String>
  <String Key="CollapseAll">Collapse All</String>
  <String Key="CheckId">Check Id</String>
  <String Key="Error">Error</String>
  <String Key="Errors">error(s)</String>
  <String Key="ExpandAll">Expand All</String>
  <String Key="Help">Help</String>
  <String Key="Line">Line</String>
  <String Key="Messages">message(s)</String>
  <String Key="LocationNotStoredInPdb">[Location not stored in Pdb]</String>
  <String Key="Project">Project</String>
  <String Key="Resolution">Resolution</String>
  <String Key="Rule">Rule</String>
  <String Key="RuleFile">Rule File</String>
  <String Key="RuleDescription">Rule Description</String>
  <String Key="Source">Source</String>
  <String Key="Status">Status</String>
  <String Key="Target">Target</String>
  <String Key="Warning">Warning</String>
  <String Key="Warnings">warning(s)</String>
  <String Key="ReportTitle">Code Analysis Report</String>
 </Localized>
</FxCopReport>
