<?xml version="1.0"?>
<doc>
    <assembly>
        <name>clsWSUS</name>
    </assembly>
    <members>
        <member name="T:WSUSAdminAssistant.TaskStatus">
            Define some easily read task conditions
        </member>
        <member name="P:WSUSAdminAssistant.Task.DependsOnTask">
            <summary>
            Sets the task that this task is dependant on
            </summary>
        </member>
        <member name="M:WSUSAdminAssistant.Task.Ready">
            <summary>
            Mark a task as ready for execution
            </summary>
        </member>
        <member name="P:WSUSAdminAssistant.clsWSUS.UnapprovedUpdates.Item(System.Int32)">
            <summary>
            Get an unapproved update item by index
            </summary>
            <param name="index">Index number of the unapproved update</param>
        </member>
        <member name="P:WSUSAdminAssistant.clsWSUS.UnapprovedUpdates.Item(System.String)">
            <summary>
            Get an unapproved update by GUID
            </summary>
            <param name="updatename"></param>
            <returns></returns>
        </member>
        <member name="M:WSUSAdminAssistant.clsWSUS.UnapprovedUpdates.Add(System.String,System.String,System.String,System.String,System.DateTime)">
            <summary>
            Add a new unapproved update to the list using the supplied details
            </summary>
            <param name="UpdateID">GUID of the update</param>
            <param name="UpdateName">Update Name</param>
            <param name="Description">Update Description</param>
            <param name="KBArticle">Knowledge Base Article</param>
            <returns>Object containing added update</returns>
        </member>
    </members>
</doc>
